-- Datos geográficos de Venezuela (auto-generado desde CodersVenezuela/Venezuela-JSON).
-- Jerarquía: estado -> ciudad (capital municipal) -> municipio -> parroquia.
-- 'Ciudad' se deriva de la capital de cada municipio (nivel intermedio opcional).

INSERT OR IGNORE INTO estado (id,nombre) VALUES
(1,'Amazonas'),
(2,'Anzoátegui'),
(3,'Apure'),
(4,'Aragua'),
(5,'Barinas'),
(6,'Bolívar'),
(7,'Carabobo'),
(8,'Cojedes'),
(9,'Delta Amacuro'),
(10,'Falcón'),
(11,'Guárico'),
(12,'Lara'),
(13,'Mérida'),
(14,'Miranda'),
(15,'Monagas'),
(16,'Nueva Esparta'),
(17,'Portuguesa'),
(18,'Sucre'),
(19,'Táchira'),
(20,'Trujillo'),
(21,'Vargas'),
(22,'Yaracuy'),
(23,'Zulia'),
(24,'Distrito Capital');

INSERT OR IGNORE INTO ciudad (id,estado_id,nombre) VALUES
(1,1,'La Esmeralda'),
(2,1,'San Fernando de Atabapo'),
(3,1,'Puerto Ayacucho'),
(4,1,'Isla Ratón'),
(5,1,'San Juan de Manapiare'),
(6,1,'Maroa'),
(7,1,'San Carlos de Río Negro'),
(8,2,'Anaco'),
(9,2,'Aragua de Barcelona'),
(10,2,'Barcelona'),
(11,2,'Clarines'),
(12,2,'Onoto'),
(13,2,'Valle de Guanape'),
(14,2,'Lechería'),
(15,2,'Cantaura'),
(16,2,'San José de Guanipa'),
(17,2,'Guanta'),
(18,2,'Soledad'),
(19,2,'San Mateo'),
(20,2,'El Chaparro'),
(21,2,'Pariaguán'),
(22,2,'Mapire'),
(23,2,'Puerto Píritu'),
(24,2,'Píritu'),
(25,2,'Boca de Uchire'),
(26,2,'Santa Ana'),
(27,2,'El Tigre'),
(28,2,'Puerto La Cruz'),
(29,3,'Achaguas'),
(30,3,'Biruaca'),
(31,3,'Bruzual'),
(32,3,'Guasdualito'),
(33,3,'San Juan de Payara'),
(34,3,'Elorza'),
(35,3,'San Fernando de Apure'),
(36,4,'San Mateo'),
(37,4,'Camatagua'),
(38,4,'Santa Rita'),
(39,4,'Maracay'),
(40,4,'Santa Cruz de Aragua'),
(41,4,'La Victoria'),
(42,4,'El Consejo'),
(43,4,'Palo Negro'),
(44,4,'El Limón'),
(45,4,'Ocumare de la Costa'),
(46,4,'San Casimiro'),
(47,4,'San Sebastián de Los Reyes'),
(48,4,'Turmero'),
(49,4,'Las Tejerías'),
(50,4,'Cagua'),
(51,4,'Colonia Tovar'),
(52,4,'Barbacoas'),
(53,4,'Villa de Cura'),
(54,5,'Sabaneta'),
(55,5,'El Cantón'),
(56,5,'Socopó'),
(57,5,'Arismendi'),
(58,5,'Barinas'),
(59,5,'Barinitas'),
(60,5,'Barrancas'),
(61,5,'Santa Bárbara'),
(62,5,'Obispos'),
(63,5,'Ciudad Bolivia'),
(64,5,'Libertad'),
(65,5,'Ciudad de Nutrias'),
(66,6,'Ciudad Píar'),
(67,6,'Ciudad Guayana'),
(68,6,'Caicara del Orinoco'),
(69,6,'El Callao'),
(70,6,'Santa Elena de Uairén'),
(71,6,'Ciudad Bolívar'),
(72,6,'Upata'),
(73,6,'Guasipati'),
(74,6,'El Dorado'),
(75,6,'Maripa'),
(76,6,'El Palmar'),
(77,7,'Bejuma'),
(78,7,'Güigüe'),
(79,7,'Mariara'),
(80,7,'Guacara'),
(81,7,'Morón'),
(82,7,'Tocuyito'),
(83,7,'Los Guayos'),
(84,7,'Miranda'),
(85,7,'Montalbán'),
(86,7,'Naguanagua'),
(87,7,'Puerto Cabello'),
(88,7,'San Diego'),
(89,7,'San Joaquín'),
(90,7,'Valencia'),
(91,8,'Cojedes'),
(92,8,'Tinaquillo'),
(93,8,'El Baúl'),
(94,8,'Macapo'),
(95,8,'El Pao'),
(96,8,'Libertad'),
(97,8,'Las Vegas'),
(98,8,'San Carlos'),
(99,8,'Tinaco'),
(100,9,'Curiapo'),
(101,9,'Sierra Imataca'),
(102,9,'Pedernales'),
(103,9,'Tucupita'),
(104,10,'San Juan de los Cayos'),
(105,10,'San Luis'),
(106,10,'Capatárida'),
(107,10,'Punto Fijo'),
(108,10,'La Vela de Coro'),
(109,10,'Dabajuro'),
(110,10,'Pedregal'),
(111,10,'Pueblo Nuevo'),
(112,10,'Churuguara'),
(113,10,'Jacura'),
(114,10,'Santa Cruz de Los Taques'),
(115,10,'Yaracal'),
(116,10,'Mene de Mauroa'),
(117,10,'Santa Ana de Coro'),
(118,10,'Chichiriviche'),
(119,10,'Palmasola'),
(120,10,'Cabure'),
(121,10,'Píritu'),
(122,10,'Mirimire'),
(123,10,'La Cruz de Taratara'),
(124,10,'Tucacas'),
(125,10,'Tocópero'),
(126,10,'Santa Cruz de Bucaral'),
(127,10,'Urumaco'),
(128,10,'Puerto Cumarebo'),
(129,11,'Camaguán'),
(130,11,'Chaguaramas'),
(131,11,'El Socorro'),
(132,11,'Valle de La Pascua'),
(133,11,'Las Mercedes'),
(134,11,'El Sombrero'),
(135,11,'Calabozo'),
(136,11,'Altagracia de Orituco'),
(137,11,'Ortiz'),
(138,11,'Tucupido'),
(139,11,'San Juan de Los Morros'),
(140,11,'Guayabal'),
(141,11,'San José de Guaribe'),
(142,11,'Santa María de Ipire'),
(143,11,'Zaraza'),
(144,12,'Sanare'),
(145,12,'Duaca'),
(146,12,'Barquisimeto'),
(147,12,'Quibor'),
(148,12,'El Tocuyo'),
(149,12,'Cabudare'),
(150,12,'Sarare'),
(151,12,'Carora'),
(152,12,'Siquisique'),
(153,13,'El Vigía'),
(154,13,'La Azulita'),
(155,13,'Santa Cruz de Mora'),
(156,13,'Aricagua'),
(157,13,'Canaguá'),
(158,13,'Ejido'),
(159,13,'Tucaní'),
(160,13,'Santo Domingo'),
(161,13,'Guaraque'),
(162,13,'Arapuey'),
(163,13,'Torondoy'),
(164,13,'Mérida'),
(165,13,'Timotes'),
(166,13,'Santa Elena de Arenales'),
(167,13,'Santa María de Caparo'),
(168,13,'Pueblo Llano'),
(169,13,'Mucuchíes'),
(170,13,'Bailadores'),
(171,13,'Tabay'),
(172,13,'Lagunillas'),
(173,13,'Tovar'),
(174,13,'Nueva Bolivia'),
(175,13,'Zea'),
(176,14,'Caucagua'),
(177,14,'San José de Barlovento'),
(178,14,'Baruta'),
(179,14,'Higuerote'),
(180,14,'Mamporal'),
(181,14,'Carrizal'),
(182,14,'Chacao'),
(183,14,'Charallave'),
(184,14,'Santa Rosalía de Palermo'),
(185,14,'Los Teques'),
(186,14,'Santa Teresa del Tuy'),
(187,14,'Ocumare del Tuy'),
(188,14,'San Antonio de los Altos'),
(189,14,'Río Chico'),
(190,14,'Santa Lucía'),
(191,14,'Cúpira'),
(192,14,'Guarenas'),
(193,14,'San Francisco de Yare'),
(194,14,'Petare'),
(195,14,'Cúa'),
(196,14,'Guatire'),
(197,15,'San Antonio de Capayacuar'),
(198,15,'Aguasay'),
(199,15,'Caripito'),
(200,15,'Caripe');

INSERT OR IGNORE INTO ciudad (id,estado_id,nombre) VALUES
(201,15,'Caicara de Maturín'),
(202,15,'Punta de Mata'),
(203,15,'Temblador'),
(204,15,'Maturín'),
(205,15,'Aragua de Maturín'),
(206,15,'Quiriquire'),
(207,15,'Santa Bárbara'),
(208,15,'Barrancas del Orinoco'),
(209,15,'Uracoa'),
(210,16,'Paraguachí'),
(211,16,'La Asunción'),
(212,16,'San Juan Bautista'),
(213,16,'El Valle'),
(214,16,'Santa Ana'),
(215,16,'Pampatar'),
(216,16,'Juan Griego'),
(217,16,'Porlamar'),
(218,16,'Boca de Río'),
(219,16,'Punta de Piedras'),
(220,16,'San Pedro de Coche'),
(221,17,'Agua Blanca'),
(222,17,'Araure'),
(223,17,'Píritu'),
(224,17,'Guanare'),
(225,17,'Guanarito'),
(226,17,'Paraíso de Chabasquén'),
(227,17,'Ospino'),
(228,17,'Acarigua'),
(229,17,'Papelón'),
(230,17,'Boconoíto'),
(231,17,'San Rafael de Onoto'),
(232,17,'El Playón'),
(233,17,'Biscucuy'),
(234,17,'Villa Bruzual'),
(235,18,'Casanay'),
(236,18,'San José de Aerocuar'),
(237,18,'Río Caribe'),
(238,18,'El Pilar'),
(239,18,'Carúpano'),
(240,18,'Marigüitar'),
(241,18,'Yaguaraparo'),
(242,18,'Araya'),
(243,18,'Tunapuy'),
(244,18,'Irapa'),
(245,18,'San Antonio del Golfo'),
(246,18,'Cumanacoa'),
(247,18,'Cariaco'),
(248,18,'Cumaná'),
(249,18,'Güiria'),
(250,19,'Cordero'),
(251,19,'Las Mesas'),
(252,19,'Colón'),
(253,19,'San Antonio del Táchira'),
(254,19,'Táriba'),
(255,19,'Santa Ana de Táchira'),
(256,19,'San Rafael del Piñal'),
(257,19,'San José de Bolívar'),
(258,19,'La Fría'),
(259,19,'Palmira'),
(260,19,'Capacho Nuevo'),
(261,19,'La Grita'),
(262,19,'El Cobre'),
(263,19,'Rubio'),
(264,19,'Capacho Viejo'),
(265,19,'Abejales'),
(266,19,'Lobatera'),
(267,19,'Michelena'),
(268,19,'Coloncito'),
(269,19,'Ureña'),
(270,19,'Delicias'),
(271,19,'La Tendida'),
(272,19,'San Cristóbal'),
(273,19,'Seboruco'),
(274,19,'San Simón'),
(275,19,'Queniquea'),
(276,19,'San Josecito'),
(277,19,'Pregonero'),
(278,19,'Umuquena'),
(279,20,'Santa Isabel'),
(280,20,'Boconó'),
(281,20,'Sabana Grande'),
(282,20,'Chejendé'),
(283,20,'Carache'),
(284,20,'Escuque'),
(285,20,'El Paradero'),
(286,20,'Campo Elías'),
(287,20,'Santa Apolonia'),
(288,20,'El Dividive'),
(289,20,'Monte Carmelo'),
(290,20,'Motatán'),
(291,20,'Pampán'),
(292,20,'Pampanito'),
(293,20,'Betijoque'),
(294,20,'Carvajal'),
(295,20,'Sabana de Mendoza'),
(296,20,'Trujillo'),
(297,20,'La Quebrada'),
(298,20,'Valera'),
(299,21,'Vargas'),
(300,22,'San Pablo'),
(301,22,'Aroa'),
(302,22,'Chivacoa'),
(303,22,'Cocorote'),
(304,22,'Independencia'),
(305,22,'Sabana de Parra'),
(306,22,'Boraure'),
(307,22,'Yumare'),
(308,22,'Nirgua'),
(309,22,'Yaritagua'),
(310,22,'San Felipe'),
(311,22,'Guama'),
(312,22,'Urachiche'),
(313,22,'Farriar'),
(314,23,'El Toro'),
(315,23,'San Timoteo'),
(316,23,'Cabimas'),
(317,23,'Encontrados'),
(318,23,'San Carlos del Zulia'),
(319,23,'Pueblo Nuevo - El Chivo'),
(320,23,'Sinamaica'),
(321,23,'La Concepción'),
(322,23,'Casigua - El Cubo'),
(323,23,'Ciudad Ojeda'),
(324,23,'Machiques'),
(325,23,'San Rafael de El Moján'),
(326,23,'Maracaibo'),
(327,23,'Los Puertos de Altagracia'),
(328,23,'La Villa del Rosario'),
(329,23,'San Francisco'),
(330,23,'Santa Rita'),
(331,23,'Tía Juana'),
(332,23,'Bobures'),
(333,23,'Bachaquero'),
(334,24,'Caracas');

INSERT OR IGNORE INTO municipio (id,estado_id,ciudad_id,nombre) VALUES
(1,1,1,'Alto Orinoco'),
(2,1,2,'Atabapo'),
(3,1,3,'Atures'),
(4,1,4,'Autana'),
(5,1,5,'Manapiare'),
(6,1,6,'Maroa'),
(7,1,7,'Río Negro'),
(8,2,8,'Anaco'),
(9,2,9,'Aragua'),
(10,2,10,'Bolívar'),
(11,2,11,'Bruzual'),
(12,2,12,'Cajigal'),
(13,2,13,'Carvajal'),
(14,2,14,'Diego Bautista Urbaneja'),
(15,2,15,'Freites'),
(16,2,16,'Guanipa'),
(17,2,17,'Guanta'),
(18,2,18,'Independencia'),
(19,2,19,'Libertad'),
(20,2,20,'McGregor'),
(21,2,21,'Miranda'),
(22,2,22,'Monagas'),
(23,2,23,'Peñalver'),
(24,2,24,'Píritu'),
(25,2,25,'San Juan de Capistrano'),
(26,2,26,'Santa Ana'),
(27,2,27,'Simón Rodríguez'),
(28,2,28,'Sotillo'),
(29,3,29,'Achaguas'),
(30,3,30,'Biruaca'),
(31,3,31,'Muñoz'),
(32,3,32,'Páez'),
(33,3,33,'Pedro Camejo'),
(34,3,34,'Rómulo Gallegos'),
(35,3,35,'San Fernando'),
(36,4,36,'Bolívar'),
(37,4,37,'Camatagua'),
(38,4,38,'Francisco Linares Alcántara'),
(39,4,39,'Girardot'),
(40,4,40,'José Ángel Lamas'),
(41,4,41,'José Félix Ribas'),
(42,4,42,'José Rafael Revenga'),
(43,4,43,'Libertador'),
(44,4,44,'Mario Briceño Iragorry'),
(45,4,45,'Ocumare de la Costa de Oro'),
(46,4,46,'San Casimiro'),
(47,4,47,'San Sebastián'),
(48,4,48,'Santiago Mariño'),
(49,4,49,'Santos Michelena'),
(50,4,50,'Sucre'),
(51,4,51,'Tovar'),
(52,4,52,'Urdaneta'),
(53,4,53,'Zamora'),
(54,5,54,'Alberto Arvelo Torrealba'),
(55,5,55,'Andrés Eloy Blanco'),
(56,5,56,'Antonio José de Sucre'),
(57,5,57,'Arismendi'),
(58,5,58,'Barinas'),
(59,5,59,'Bolívar'),
(60,5,60,'Cruz Paredes'),
(61,5,61,'Ezequiel Zamora'),
(62,5,62,'Obispos'),
(63,5,63,'Pedraza'),
(64,5,64,'Rojas'),
(65,5,65,'Sosa'),
(66,6,66,'Angostura'),
(67,6,67,'Caroní'),
(68,6,68,'Cedeño'),
(69,6,69,'El Callao'),
(70,6,70,'Gran Sabana'),
(71,6,71,'Heres'),
(72,6,72,'Píar'),
(73,6,73,'Roscio'),
(74,6,74,'Sifontes'),
(75,6,75,'Sucre'),
(76,6,76,'Padre Pedro Chien'),
(77,7,77,'Bejuma'),
(78,7,78,'Carlos Arvelo'),
(79,7,79,'Diego Ibarra'),
(80,7,80,'Guacara'),
(81,7,81,'Mora'),
(82,7,82,'Libertador'),
(83,7,83,'Los Guayos'),
(84,7,84,'Miranda'),
(85,7,85,'Montalbán'),
(86,7,86,'Naguanagua'),
(87,7,87,'Puerto Cabello'),
(88,7,88,'San Diego'),
(89,7,89,'San Joaquín'),
(90,7,90,'Valencia'),
(91,8,91,'Anzoátegui'),
(92,8,92,'Tinaquillo'),
(93,8,93,'Girardot'),
(94,8,94,'Lima Blanco'),
(95,8,95,'Pao de San Juan Bautista'),
(96,8,96,'Ricaurte'),
(97,8,97,'Rómulo Gallegos'),
(98,8,98,'San Carlos'),
(99,8,99,'Tinaco'),
(100,9,100,'Antonio Díaz'),
(101,9,101,'Casacoima'),
(102,9,102,'Pedernales'),
(103,9,103,'Tucupita'),
(104,10,104,'Acosta'),
(105,10,105,'Bolívar'),
(106,10,106,'Buchivacoa'),
(107,10,107,'Carirubana'),
(108,10,108,'Colina'),
(109,10,109,'Dabajuro'),
(110,10,110,'Democracia'),
(111,10,111,'Falcón'),
(112,10,112,'Federación'),
(113,10,113,'Jacura'),
(114,10,114,'Los Taques'),
(115,10,115,'Manaure'),
(116,10,116,'Mauroa'),
(117,10,117,'Miranda'),
(118,10,118,'Monseñor Iturriza'),
(119,10,119,'Palmasola'),
(120,10,120,'Petit'),
(121,10,121,'Píritu'),
(122,10,122,'San Francisco'),
(123,10,123,'Sucre'),
(124,10,124,'Silva'),
(125,10,125,'Tocópero'),
(126,10,126,'Unión'),
(127,10,127,'Urumaco'),
(128,10,128,'Zamora'),
(129,11,129,'Camaguán'),
(130,11,130,'Chaguaramas'),
(131,11,131,'El Socorro'),
(132,11,132,'Infante'),
(133,11,133,'Las Mercedes'),
(134,11,134,'Mellado'),
(135,11,135,'Miranda'),
(136,11,136,'Monagas'),
(137,11,137,'Ortiz'),
(138,11,138,'Ribas'),
(139,11,139,'Roscio'),
(140,11,140,'San Gerónimo de Guayabal'),
(141,11,141,'San José de Guaribe'),
(142,11,142,'Santa María de Ipire'),
(143,11,143,'Zaraza'),
(144,12,144,'Andrés Eloy Blanco'),
(145,12,145,'Crespo'),
(146,12,146,'Iribarren'),
(147,12,147,'Jiménez'),
(148,12,148,'Morán'),
(149,12,149,'Palavecino'),
(150,12,150,'Simón Planas'),
(151,12,151,'Torres'),
(152,12,152,'Urdaneta'),
(153,13,153,'Alberto Adriani'),
(154,13,154,'Andrés Bello'),
(155,13,155,'Antonio Pinto Salinas'),
(156,13,156,'Aricagua'),
(157,13,157,'Arzobispo Chacón'),
(158,13,158,'Campo Elías'),
(159,13,159,'Caracciolo Parra Olmedo'),
(160,13,160,'Cardenal Quintero'),
(161,13,161,'Guaraque'),
(162,13,162,'Julio César Salas'),
(163,13,163,'Justo Briceño'),
(164,13,164,'Libertador'),
(165,13,165,'Miranda'),
(166,13,166,'Obispo Ramos de Lora'),
(167,13,167,'Padre Noguera'),
(168,13,168,'Pueblo Llano'),
(169,13,169,'Rangel'),
(170,13,170,'Rivas Dávila'),
(171,13,171,'Santos Marquina'),
(172,13,172,'Sucre'),
(173,13,173,'Tovar'),
(174,13,174,'Tulio Febres Cordero'),
(175,13,175,'Zea'),
(176,14,176,'Acevedo'),
(177,14,177,'Andrés Bello'),
(178,14,178,'Baruta'),
(179,14,179,'Brión'),
(180,14,180,'Buroz'),
(181,14,181,'Carrizal'),
(182,14,182,'Chacao'),
(183,14,183,'Cristóbal Rojas'),
(184,14,184,'El Hatillo'),
(185,14,185,'Guaicaipuro'),
(186,14,186,'Independencia'),
(187,14,187,'Lander'),
(188,14,188,'Los Salias'),
(189,14,189,'Páez'),
(190,14,190,'Paz Castillo'),
(191,14,191,'Pedro Gual'),
(192,14,192,'Plaza'),
(193,14,193,'Simón Bolívar'),
(194,14,194,'Sucre'),
(195,14,195,'Urdaneta'),
(196,14,196,'Zamora'),
(197,15,197,'Acosta'),
(198,15,198,'Aguasay'),
(199,15,199,'Bolívar'),
(200,15,200,'Caripe');

INSERT OR IGNORE INTO municipio (id,estado_id,ciudad_id,nombre) VALUES
(201,15,201,'Cedeño'),
(202,15,202,'Ezequiel Zamora'),
(203,15,203,'Libertador'),
(204,15,204,'Maturín'),
(205,15,205,'Piar'),
(206,15,206,'Punceres'),
(207,15,207,'Santa Bárbara'),
(208,15,208,'Sotillo'),
(209,15,209,'Uracoa'),
(210,16,210,'Antolín del Campo'),
(211,16,211,'Arismendi'),
(212,16,212,'Díaz'),
(213,16,213,'García'),
(214,16,214,'Gómez'),
(215,16,215,'Maneiro'),
(216,16,216,'Marcano'),
(217,16,217,'Mariño'),
(218,16,218,'Península de Macanao'),
(219,16,219,'Tubores'),
(220,16,220,'Villalba'),
(221,17,221,'Agua Blanca'),
(222,17,222,'Araure'),
(223,17,223,'Esteller'),
(224,17,224,'Guanare'),
(225,17,225,'Guanarito'),
(226,17,226,'Monseñor José Vicente de Unda'),
(227,17,227,'Ospino'),
(228,17,228,'Páez'),
(229,17,229,'Papelón'),
(230,17,230,'San Genaro de Boconoíto'),
(231,17,231,'San Rafael de Onoto'),
(232,17,232,'Santa Rosalía'),
(233,17,233,'Sucre'),
(234,17,234,'Turén'),
(235,18,235,'Andrés Eloy Blanco'),
(236,18,236,'Andrés Mata'),
(237,18,237,'Arismendi'),
(238,18,238,'Benítez'),
(239,18,239,'Bermúdez'),
(240,18,240,'Bolívar'),
(241,18,241,'Cajigal'),
(242,18,242,'Cruz Salmerón Acosta'),
(243,18,243,'Libertador'),
(244,18,244,'Mariño'),
(245,18,245,'Mejía'),
(246,18,246,'Montes'),
(247,18,247,'Ribero'),
(248,18,248,'Sucre'),
(249,18,249,'Valdez'),
(250,19,250,'Andrés Bello'),
(251,19,251,'Antonio Rómulo Costa'),
(252,19,252,'Ayacucho'),
(253,19,253,'Bolívar'),
(254,19,254,'Cárdenas'),
(255,19,255,'Córdoba'),
(256,19,256,'Fernández Feo'),
(257,19,257,'Francisco de Miranda'),
(258,19,258,'García de Hevia'),
(259,19,259,'Guásimos'),
(260,19,260,'Independencia'),
(261,19,261,'Jáuregui'),
(262,19,262,'José María Vargas'),
(263,19,263,'Junín'),
(264,19,264,'Libertad'),
(265,19,265,'Libertador'),
(266,19,266,'Lobatera'),
(267,19,267,'Michelena'),
(268,19,268,'Panamericano'),
(269,19,269,'Pedro María Ureña'),
(270,19,270,'Rafael Urdaneta'),
(271,19,271,'Samuel Darío Maldonado'),
(272,19,272,'San Cristóbal'),
(273,19,273,'Seboruco'),
(274,19,274,'Simón Rodríguez'),
(275,19,275,'Sucre'),
(276,19,276,'Torbes'),
(277,19,277,'Uribante'),
(278,19,278,'San Judas Tadeo'),
(279,20,279,'Andrés Bello'),
(280,20,280,'Boconó'),
(281,20,281,'Bolívar'),
(282,20,282,'Candelaria'),
(283,20,283,'Carache'),
(284,20,284,'Escuque'),
(285,20,285,'José Felipe Márquez Cañizalez'),
(286,20,286,'Juan Vicente Campos Elías'),
(287,20,287,'La Ceiba'),
(288,20,288,'Miranda'),
(289,20,289,'Monte Carmelo'),
(290,20,290,'Motatán'),
(291,20,291,'Pampán'),
(292,20,292,'Pampanito'),
(293,20,293,'Rafael Rangel'),
(294,20,294,'San Rafael de Carvajal'),
(295,20,295,'Sucre'),
(296,20,296,'Trujillo'),
(297,20,297,'Urdaneta'),
(298,20,298,'Valera'),
(299,21,299,'Vargas'),
(300,22,300,'Arístides Bastidas'),
(301,22,301,'Bolívar'),
(302,22,302,'Bruzual'),
(303,22,303,'Cocorote'),
(304,22,304,'Independencia'),
(305,22,305,'José Antonio Páez'),
(306,22,306,'La Trinidad'),
(307,22,307,'Manuel Monge'),
(308,22,308,'Nirgua'),
(309,22,309,'Peña'),
(310,22,310,'San Felipe'),
(311,22,311,'Sucre'),
(312,22,312,'Urachiche'),
(313,22,313,'Veroes'),
(314,23,314,'Almirante Padilla'),
(315,23,315,'Baralt'),
(316,23,316,'Cabimas'),
(317,23,317,'Catatumbo'),
(318,23,318,'Colón'),
(319,23,319,'Francisco Javier Pulgar'),
(320,23,320,'Páez'),
(321,23,321,'Jesús Enrique Lossada'),
(322,23,322,'Jesús María Semprún'),
(323,23,321,'La Cañada de Urdaneta'),
(324,23,323,'Lagunillas'),
(325,23,324,'Machiques de Perijá'),
(326,23,325,'Mara'),
(327,23,326,'Maracaibo'),
(328,23,327,'Miranda'),
(329,23,328,'Rosario de Perijá'),
(330,23,329,'San Francisco'),
(331,23,330,'Santa Rita'),
(332,23,331,'Simón Bolívar'),
(333,23,332,'Sucre'),
(334,23,333,'Valmore Rodríguez'),
(335,24,334,'Libertador');

INSERT OR IGNORE INTO parroquia (id,estado_id,municipio_id,nombre) VALUES
(1,1,1,'Alto Orinoco La Esmeralda'),
(2,1,1,'Huachamacare Acanaña'),
(3,1,1,'Marawaka Toky Shamanaña'),
(4,1,1,'Mavaka Mavaka'),
(5,1,1,'Sierra Parima Parimabé'),
(6,1,2,'Ucata Laja Lisa'),
(7,1,2,'Yapacana Macuruco'),
(8,1,2,'Caname Guarinuma'),
(9,1,3,'Fernando Girón Tovar'),
(10,1,3,'Luis Alberto Gómez'),
(11,1,3,'Pahueña Limón de Parhueña'),
(12,1,3,'Platanillal Platanillal'),
(13,1,4,'Samariapo Samariapo'),
(14,1,4,'Sipapo Pendare'),
(15,1,4,'Munduapo Munduapo'),
(16,1,4,'Guayapo San Pedro del Orinoco'),
(17,1,5,'Alto Ventuari Cacurí'),
(18,1,5,'Medio Ventuari Manami'),
(19,1,5,'Bajo Ventuari Marueta'),
(20,1,6,'Victorino'),
(21,1,6,'Comunidad'),
(22,1,7,'Casiquiare Curimacare'),
(23,1,7,'Cocuy'),
(24,1,7,'San Carlos de Río Negro'),
(25,1,7,'Solano Solano'),
(26,2,8,'Anaco'),
(27,2,8,'San Joaquín'),
(28,2,9,'Cachipo'),
(29,2,9,'Aragua de Barcelona'),
(30,2,10,'Bergatín'),
(31,2,10,'Caigua'),
(32,2,10,'El Carmen.'),
(33,2,10,'El Pilar'),
(34,2,10,'Naricual.'),
(35,2,10,'San Cristóbal'),
(36,2,11,'Clarines'),
(37,2,11,'Guanape'),
(38,2,11,'Sabana de Uchire'),
(39,2,12,'Onoto'),
(40,2,12,'San Pablo'),
(41,2,13,'Valle de Guanape'),
(42,2,13,'Santa Bárbara'),
(43,2,14,'Lechería'),
(44,2,14,'El Morro'),
(45,2,15,'Cantaura'),
(46,2,15,'Libertador'),
(47,2,15,'Santa Rosa'),
(48,2,15,'Urica'),
(49,2,16,'San José de Guanipa'),
(50,2,17,'Guanta'),
(51,2,17,'Chorrerón'),
(52,2,18,'Mamo'),
(53,2,18,'Soledad'),
(54,2,19,'San Mateo'),
(55,2,19,'El Carito'),
(56,2,19,'Santa Inés'),
(57,2,19,'La Romereña'),
(58,2,20,'El Chaparro'),
(59,2,20,'Tomás Alfaro'),
(60,2,20,'Calatrava'),
(61,2,21,'Atapirire'),
(62,2,21,'Boca del Pao'),
(63,2,21,'El Pao'),
(64,2,21,'Pariaguán'),
(65,2,22,'Mapire'),
(66,2,22,'Piar'),
(67,2,22,'Santa Clara'),
(68,2,22,'San Diego de Cabrutica'),
(69,2,22,'Uverito'),
(70,2,22,'Zuata'),
(71,2,23,'Puerto Píritu'),
(72,2,23,'San Miguel'),
(73,2,23,'Sucre'),
(74,2,24,'Píritu'),
(75,2,24,'San Francisco'),
(76,2,25,'Boca de Uchire'),
(77,2,25,'Boca de Chávez'),
(78,2,26,'Pueblo Nuevo'),
(79,2,26,'Santa Ana'),
(80,2,27,'Edmundo Barrios'),
(81,2,27,'Miguel Otero Silva'),
(82,2,28,'Puerto La Cruz'),
(83,2,28,'Pozuelos'),
(84,3,29,'Achaguas'),
(85,3,29,'Apurito'),
(86,3,29,'El Yagual'),
(87,3,29,'Guachara'),
(88,3,29,'Mucuritas'),
(89,3,29,'Queseras del medio'),
(90,3,30,'Biruaca'),
(91,3,31,'Bruzual'),
(92,3,31,'Mantecal'),
(93,3,31,'Quintero'),
(94,3,31,'Rincón Hondo'),
(95,3,31,'San Vicente'),
(96,3,32,'Guasdualito'),
(97,3,32,'Aramendi'),
(98,3,32,'El Amparo'),
(99,3,32,'San Camilo'),
(100,3,32,'Urdaneta'),
(101,3,33,'San Juan de Payara'),
(102,3,33,'Codazzi'),
(103,3,33,'Cunaviche'),
(104,3,34,'Elorza'),
(105,3,34,'La Trinidad'),
(106,3,35,'San Fernando'),
(107,3,35,'El Recreo'),
(108,3,35,'Peñalver'),
(109,3,35,'San Rafael de Atamaica'),
(110,4,36,'Bolívar'),
(111,4,37,'Camatagua'),
(112,4,37,'Carmen de Cura'),
(113,4,38,'Santa Rita'),
(114,4,38,'Francisco de Miranda'),
(115,4,38,'Moseñor Feliciano González'),
(116,4,39,'Pedro José Ovalles'),
(117,4,39,'Joaquín Crespo'),
(118,4,39,'José Casanova Godoy'),
(119,4,39,'Madre María de San José'),
(120,4,39,'Andrés Eloy Blanco'),
(121,4,39,'Los Tacarigua'),
(122,4,39,'Las Delicias'),
(123,4,39,'Choroní'),
(124,4,40,'Santa Cruz'),
(125,4,41,'José Félix Ribas'),
(126,4,41,'Castor Nieves Ríos'),
(127,4,41,'Las Guacamayas'),
(128,4,41,'Pao de Zárate'),
(129,4,41,'Zuata'),
(130,4,42,'José Rafael Revenga'),
(131,4,43,'Palo Negro'),
(132,4,43,'San Martín de Porres'),
(133,4,44,'El Limón'),
(134,4,44,'Caña de Azúcar'),
(135,4,45,'Ocumare de la Costa'),
(136,4,46,'San Casimiro'),
(137,4,46,'Güiripa'),
(138,4,46,'Ollas de Caramacate'),
(139,4,46,'Valle Morín'),
(140,4,47,'San Sebastián'),
(141,4,48,'Turmero'),
(142,4,48,'Arevalo Aponte'),
(143,4,48,'Chuao'),
(144,4,48,'Samán de Güere'),
(145,4,48,'Alfredo Pacheco Miranda'),
(146,4,49,'Santos Michelena'),
(147,4,49,'Tiara'),
(148,4,50,'Cagua'),
(149,4,50,'Bella Vista'),
(150,4,51,'Tovar'),
(151,4,52,'Urdaneta'),
(152,4,52,'Las Peñitas'),
(153,4,52,'San Francisco de Cara'),
(154,4,52,'Taguay'),
(155,4,53,'Zamora'),
(156,4,53,'Magdaleno'),
(157,4,53,'San Francisco de Asís'),
(158,4,53,'Valles de Tucutunemo'),
(159,4,53,'Augusto Mijares'),
(160,5,54,'Sabaneta'),
(161,5,54,'Juan Antonio Rodríguez Domínguez'),
(162,5,55,'El Cantón'),
(163,5,55,'Santa Cruz de Guacas'),
(164,5,55,'Puerto Vivas'),
(165,5,56,'Ticoporo'),
(166,5,56,'Nicolás Pulido'),
(167,5,56,'Andrés Bello'),
(168,5,57,'Arismendi'),
(169,5,57,'Guadarrama'),
(170,5,57,'La Unión'),
(171,5,57,'San Antonio'),
(172,5,58,'Barinas'),
(173,5,58,'Alberto Arvelo Larriva'),
(174,5,58,'San Silvestre'),
(175,5,58,'Santa Inés'),
(176,5,58,'Santa Lucía'),
(177,5,58,'Torunos'),
(178,5,58,'El Carmen'),
(179,5,58,'Rómulo Betancourt'),
(180,5,58,'Corazón de Jesús'),
(181,5,58,'Ramón Ignacio Méndez'),
(182,5,58,'Alto Barinas'),
(183,5,58,'Manuel Palacio Fajardo'),
(184,5,58,'Juan Antonio Rodríguez Domínguez'),
(185,5,58,'Dominga Ortiz de Páez'),
(186,5,59,'Barinitas'),
(187,5,59,'Altamira de Cáceres'),
(188,5,59,'Calderas'),
(189,5,60,'Barrancas'),
(190,5,60,'El Socorro'),
(191,5,60,'Mazparrito'),
(192,5,61,'Santa Bárbara'),
(193,5,61,'Pedro Briceño Méndez'),
(194,5,61,'Ramón Ignacio Méndez'),
(195,5,61,'José Ignacio del Pumar'),
(196,5,62,'Obispos'),
(197,5,62,'Los Guasimitos'),
(198,5,62,'El Real'),
(199,5,62,'La Luz'),
(200,5,63,'Ciudad Bolívia');

INSERT OR IGNORE INTO parroquia (id,estado_id,municipio_id,nombre) VALUES
(201,5,63,'José Ignacio Briceño'),
(202,5,63,'José Félix Ribas'),
(203,5,63,'Páez'),
(204,5,64,'Libertad'),
(205,5,64,'Dolores'),
(206,5,64,'Santa Rosa'),
(207,5,64,'Palacio Fajardo'),
(208,5,64,'Simón Rodríguez'),
(209,5,65,'Ciudad de Nutrias'),
(210,5,65,'El Regalo'),
(211,5,65,'Puerto Nutrias'),
(212,5,65,'Santa Catalina'),
(213,5,65,'Simón Bolívar'),
(214,6,66,'Raúl Leoni'),
(215,6,66,'Barceloneta'),
(216,6,66,'Santa Bárbara'),
(217,6,66,'San Francisco'),
(218,6,67,'Cachamay'),
(219,6,67,'Chirica'),
(220,6,67,'Dalla Costa'),
(221,6,67,'Once de Abril'),
(222,6,67,'Simón Bolívar'),
(223,6,67,'Unare'),
(224,6,67,'Universidad'),
(225,6,67,'Vista al Sol'),
(226,6,67,'Pozo Verde'),
(227,6,67,'Yocoima'),
(228,6,67,'5 de Julio'),
(229,6,68,'Cedeño'),
(230,6,68,'Altagracia'),
(231,6,68,'Ascensión Farreras'),
(232,6,68,'Guaniamo'),
(233,6,68,'La Urbana'),
(234,6,68,'Pijiguaos'),
(235,6,69,'El Callao'),
(236,6,70,'Gran Sabana'),
(237,6,70,'Ikabarú'),
(238,6,71,'Catedral'),
(239,6,71,'Zea'),
(240,6,71,'Orinoco'),
(241,6,71,'José Antonio Páez'),
(242,6,71,'Marhuanta'),
(243,6,71,'Agua Salada'),
(244,6,71,'Vista Hermosa'),
(245,6,71,'La Sabanita'),
(246,6,71,'Panapana'),
(247,6,72,'Andrés Eloy Blanco'),
(248,6,72,'Pedro Cova'),
(249,6,73,'Roscio'),
(250,6,73,'Salóm'),
(251,6,74,'Sifontes'),
(252,6,74,'Dalla Costa'),
(253,6,74,'San Isidro'),
(254,6,75,'Sucre'),
(255,6,75,'Aripao'),
(256,6,75,'Guarataro'),
(257,6,75,'Las Majadas'),
(258,6,75,'Moitaco'),
(259,6,76,'Padre Pedro Chien'),
(260,6,76,'Río Grande'),
(261,7,77,'Bejuma'),
(262,7,77,'Canoabo'),
(263,7,77,'Simón Bolívar'),
(264,7,78,'Güigüe'),
(265,7,78,'Carabobo'),
(266,7,78,'Tacarigua'),
(267,7,79,'Mariara'),
(268,7,79,'Aguas Calientes'),
(269,7,80,'Ciudad Alianza'),
(270,7,80,'Guacara'),
(271,7,80,'Yagua'),
(272,7,81,'Morón'),
(273,7,81,'Urama'),
(274,7,82,'Valencia'),
(275,7,82,'Campo Carabobo'),
(276,7,83,'Los Guayos'),
(277,7,84,'Miranda'),
(278,7,85,'Montalbán'),
(279,7,86,'Naguanagua'),
(280,7,87,'Bartolomé Salóm'),
(281,7,87,'Democracia'),
(282,7,87,'Fraternidad'),
(283,7,87,'Goaigoaza'),
(284,7,87,'Juan José Flores'),
(285,7,87,'Unión'),
(286,7,87,'Borburata'),
(287,7,87,'Patanemo'),
(288,7,88,'San Diego'),
(289,7,89,'San Joaquín'),
(290,7,90,'Urbana Candelaria'),
(291,7,90,'Urbana Catedral'),
(292,7,90,'Urbana El Socorro'),
(293,7,90,'Urbana Miguel Peña'),
(294,7,90,'Urbana Rafael Urdaneta'),
(295,7,90,'Urbana San Blas'),
(296,7,90,'Urbana San José'),
(297,7,90,'Urbana Santa Rosa'),
(298,7,90,'No Urbana Negro Primero'),
(299,8,91,'Cojedes'),
(300,8,91,'Juan de Mata Suárez'),
(301,8,92,'Tinaquillo'),
(302,8,93,'El Baúl'),
(303,8,93,'Sucre'),
(304,8,94,'La Aguadita'),
(305,8,94,'Macapo'),
(306,8,95,'El Pao'),
(307,8,96,'El Amparo'),
(308,8,96,'Libertad de Cojedes'),
(309,8,97,'Rómulo Gallegos'),
(310,8,98,'San Carlos de Austria'),
(311,8,98,'Juan Ángel Bravo'),
(312,8,98,'Manuel Manrique'),
(313,8,99,'General en Jefe José Laurencio Silva'),
(314,9,100,'Curiapo'),
(315,9,100,'Almirante Luis Brión'),
(316,9,100,'Francisco Aniceto Lugo Boca de Cuyubini'),
(317,9,100,'Manuel Renaud'),
(318,9,100,'Padre Barral'),
(319,9,100,'Santos de Abelgas'),
(320,9,101,'Imataca Moruca'),
(321,9,101,'Cinco de Julio Piacoa'),
(322,9,101,'Juan Bautista Arismendi'),
(323,9,101,'Manuel Piar Santa Catalina'),
(324,9,101,'Rómulo Gallegos'),
(325,9,102,'Pedernales'),
(326,9,102,'Luis Beltrán Prieto Figueroa'),
(327,9,103,'San José'),
(328,9,103,'José Vidal Marcano Caparal de Guara'),
(329,9,103,'Juan Millán'),
(330,9,103,'Leonardo Ruíz Pineda Paloma'),
(331,9,103,'Mariscal Antonio José de Sucre'),
(332,9,103,'Monseñor Argimiro García San Rafael'),
(333,9,103,'San Rafael'),
(334,9,103,'Virgen del Valle'),
(335,10,104,'Capadare'),
(336,10,104,'La Pastora'),
(337,10,104,'Libertador'),
(338,10,104,'San Juan de los Cayos'),
(339,10,105,'Aracua'),
(340,10,105,'La Peña'),
(341,10,105,'San Luis'),
(342,10,106,'Bariro'),
(343,10,106,'Borojó'),
(344,10,106,'Capatárida'),
(345,10,106,'Guajiro'),
(346,10,106,'Seque'),
(347,10,106,'Zazárida'),
(348,10,106,'Valle de Eroa'),
(349,10,107,'Norte'),
(350,10,107,'Carirubana'),
(351,10,107,'Santa Ana'),
(352,10,107,'Urbana Punta Cardón'),
(353,10,108,'La Vela de Coro'),
(354,10,108,'Acurigua'),
(355,10,108,'Guaibacoa'),
(356,10,108,'Las Calderas'),
(357,10,108,'Macoruca'),
(358,10,109,'Dabajuro'),
(359,10,110,'Agua Clara'),
(360,10,110,'Avaria'),
(361,10,110,'Pedregal'),
(362,10,110,'Piedra Grande'),
(363,10,110,'Purureche'),
(364,10,111,'Adaure'),
(365,10,111,'Adícora'),
(366,10,111,'Baraived'),
(367,10,111,'Buena Vista'),
(368,10,111,'Jadacaquiva'),
(369,10,111,'El Vínculo'),
(370,10,111,'El Hato'),
(371,10,111,'Moruy'),
(372,10,111,'Pueblo Nuevo'),
(373,10,112,'Agua Larga'),
(374,10,112,'Churuguara'),
(375,10,112,'El Paují'),
(376,10,112,'Independencia'),
(377,10,112,'Mapararí'),
(378,10,113,'Agua Linda'),
(379,10,113,'Araurima'),
(380,10,113,'Jacura'),
(381,10,114,'Los Taques'),
(382,10,114,'Judibana'),
(383,10,115,'Cacique Manaure'),
(384,10,116,'Mene de Mauroa'),
(385,10,116,'San Félix'),
(386,10,116,'Casigua'),
(387,10,117,'Guzmán Guillermo'),
(388,10,117,'Mitare'),
(389,10,117,'Río Seco'),
(390,10,117,'Sabaneta'),
(391,10,117,'San Antonio'),
(392,10,117,'San Gabriel'),
(393,10,117,'Santa Ana'),
(394,10,118,'Boca del Tocuyo'),
(395,10,118,'Chichiriviche'),
(396,10,118,'Tocuyo de la Costa'),
(397,10,119,'Palmasola'),
(398,10,120,'Cabure'),
(399,10,120,'Colina'),
(400,10,120,'Curimagua');

INSERT OR IGNORE INTO parroquia (id,estado_id,municipio_id,nombre) VALUES
(401,10,121,'San José de la Costa'),
(402,10,121,'Píritu'),
(403,10,122,'Capital San Francisco'),
(404,10,123,'Sucre'),
(405,10,123,'Pecaya'),
(406,10,124,'Tucacas'),
(407,10,124,'Boca de Aroa'),
(408,10,125,'Tocópero'),
(409,10,126,'El Charal'),
(410,10,126,'Las Vegas del Tuy'),
(411,10,126,'Santa Cruz de Bucaral'),
(412,10,127,'Bruzual'),
(413,10,127,'Urumaco'),
(414,10,128,'Puerto Cumarebo'),
(415,10,128,'La Ciénaga'),
(416,10,128,'La Soledad'),
(417,10,128,'Pueblo Cumarebo'),
(418,10,128,'Zazárida'),
(419,11,129,'Camaguán'),
(420,11,129,'Puerto Miranda'),
(421,11,129,'Uverito'),
(422,11,130,'Chaguaramas'),
(423,11,131,'El Socorro'),
(424,11,132,'Valle de la Pascua'),
(425,11,132,'Espino'),
(426,11,133,'Las Mercedes'),
(427,11,133,'Cabruta'),
(428,11,133,'Santa Rita de Manapire'),
(429,11,134,'El Sombrero'),
(430,11,134,'Sosa'),
(431,11,135,'El Calvario'),
(432,11,135,'El Rastro'),
(433,11,135,'Guardatinajas'),
(434,11,135,'Capital Urbana Calabozo'),
(435,11,136,'Altagracia de Orituco'),
(436,11,136,'San Rafael de Orituco'),
(437,11,136,'San Francisco Javier de Lezama'),
(438,11,136,'Paso Real de Macaira'),
(439,11,136,'Carlos Soublette'),
(440,11,136,'San Francisco de Macaira'),
(441,11,136,'Libertad de Orituco'),
(442,11,137,'San José de Tiznados'),
(443,11,137,'San Francisco de Tiznados'),
(444,11,137,'San Lorenzo de Tiznados'),
(445,11,137,'Ortiz'),
(446,11,138,'Tucupido'),
(447,11,138,'San Rafael de Laya'),
(448,11,139,'Cantagallo'),
(449,11,139,'San Juan de los Morros'),
(450,11,139,'Parapara'),
(451,11,140,'Guayabal'),
(452,11,140,'Cazorla'),
(453,11,141,'San José de Guaribe'),
(454,11,141,'Uveral'),
(455,11,142,'Santa María de Ipire'),
(456,11,142,'Altamira'),
(457,11,143,'Unare'),
(458,11,143,'Zaraza'),
(459,12,144,'Quebrada Honda de Guache'),
(460,12,144,'Pío Tamayo'),
(461,12,144,'Yacambú'),
(462,12,145,'Freitez'),
(463,12,145,'José María Blanco'),
(464,12,146,'Catedral'),
(465,12,146,'Concepción'),
(466,12,146,'El Cují'),
(467,12,146,'Juan de Villegas'),
(468,12,146,'Santa Rosa'),
(469,12,146,'Tamaca'),
(470,12,146,'Unión'),
(471,12,146,'Aguedo Felipe Alvarado'),
(472,12,146,'Buena Vista'),
(473,12,146,'Juárez'),
(474,12,147,'Juan Bautista Rodríguez'),
(475,12,147,'Cuara'),
(476,12,147,'Diego de Lozada'),
(477,12,147,'Paraíso de San José'),
(478,12,147,'San Miguel'),
(479,12,147,'Tintorero'),
(480,12,147,'José Bernardo Dorante'),
(481,12,147,'Coronel Mariano Peraza'),
(482,12,148,'Anzoátegui'),
(483,12,148,'Bolívar'),
(484,12,148,'Guárico'),
(485,12,148,'Hilario Luna y Luna'),
(486,12,148,'Humocaro Bajo'),
(487,12,148,'Humocaro Alto'),
(488,12,148,'La Candelaria'),
(489,12,148,'Morán'),
(490,12,149,'Cabudare'),
(491,12,149,'José Gregorio Bastidas'),
(492,12,149,'Agua Viva'),
(493,12,150,'Buría'),
(494,12,150,'Gustavo Vega'),
(495,12,150,'Sarare'),
(496,12,151,'Altagracia'),
(497,12,151,'Antonio Díaz'),
(498,12,151,'Camacaro'),
(499,12,151,'Castañeda'),
(500,12,151,'Cecilio Zubillaga'),
(501,12,151,'Chiquinquira'),
(502,12,151,'El Blanco'),
(503,12,151,'Espinoza de los Monteros'),
(504,12,151,'Heriberto Arrollo'),
(505,12,151,'Lara'),
(506,12,151,'Las Mercedes'),
(507,12,151,'Manuel Morillo'),
(508,12,151,'Montaña Verde'),
(509,12,151,'Montes de Oca'),
(510,12,151,'Reyes de Vargas'),
(511,12,151,'Torres'),
(512,12,151,'Trinidad Samuel'),
(513,12,152,'Siquisique'),
(514,12,152,'San Miguel'),
(515,12,152,'Moroturo'),
(516,12,152,'Xaguas'),
(517,13,153,'Presidente Betancourt'),
(518,13,153,'Presidente Páez'),
(519,13,153,'Presidente Rómulo Gallegos'),
(520,13,153,'Gabriel Picón González'),
(521,13,153,'Héctor Amable Mora'),
(522,13,153,'José Nucete Sardi'),
(523,13,153,'Pulido Méndez'),
(524,13,154,'La Azulita'),
(525,13,155,'Santa Cruz de Mora'),
(526,13,155,'Mesa Bolívar'),
(527,13,155,'Mesa de Las Palmas'),
(528,13,156,'Aricagua'),
(529,13,156,'San Antonio'),
(530,13,157,'Canagua'),
(531,13,157,'Capurí'),
(532,13,157,'Chacantá'),
(533,13,157,'El Molino'),
(534,13,157,'Guaimaral'),
(535,13,157,'Mucutuy'),
(536,13,157,'Mucuchachí'),
(537,13,158,'Fernández Peña'),
(538,13,158,'Matriz'),
(539,13,158,'Montalbán'),
(540,13,158,'Acequias'),
(541,13,158,'Jají'),
(542,13,158,'La Mesa'),
(543,13,158,'San José del Sur'),
(544,13,159,'Tucaní'),
(545,13,159,'Florencio Ramírez'),
(546,13,160,'Santo Domingo'),
(547,13,160,'Las Piedras'),
(548,13,161,'Guaraque'),
(549,13,161,'Mesa de Quintero'),
(550,13,161,'Río Negro'),
(551,13,162,'Arapuey'),
(552,13,162,'Palmira'),
(553,13,163,'San Cristóbal de Torondoy'),
(554,13,163,'Torondoy'),
(555,13,164,'Antonio Spinetti Dini'),
(556,13,164,'Arias'),
(557,13,164,'Caracciolo Parra Pérez'),
(558,13,164,'Domingo Peña'),
(559,13,164,'El Llano'),
(560,13,164,'Gonzalo Picón Febres'),
(561,13,164,'Jacinto Plaza'),
(562,13,164,'Juan Rodríguez Suárez'),
(563,13,164,'Lasso de la Vega'),
(564,13,164,'Mariano Picón Salas'),
(565,13,164,'Milla'),
(566,13,164,'Osuna Rodríguez'),
(567,13,164,'Sagrario'),
(568,13,164,'El Morro'),
(569,13,164,'Los Nevados'),
(570,13,165,'Andrés Eloy Blanco'),
(571,13,165,'La Venta'),
(572,13,165,'Piñango'),
(573,13,165,'Timotes'),
(574,13,166,'Eloy Paredes'),
(575,13,166,'San Rafael de Alcázar'),
(576,13,166,'Santa Elena de Arenales'),
(577,13,167,'Santa María de Caparo'),
(578,13,168,'Pueblo Llano'),
(579,13,169,'Cacute'),
(580,13,169,'La Toma'),
(581,13,169,'Mucuchíes'),
(582,13,169,'Mucurubá'),
(583,13,169,'San Rafael'),
(584,13,170,'Gerónimo Maldonado'),
(585,13,170,'Bailadores'),
(586,13,171,'Tabay'),
(587,13,172,'Chiguará'),
(588,13,172,'Estánquez'),
(589,13,172,'Lagunillas'),
(590,13,172,'La Trampa'),
(591,13,172,'Pueblo Nuevo del Sur'),
(592,13,172,'San Juan'),
(593,13,173,'El Amparo'),
(594,13,173,'El Llano'),
(595,13,173,'San Francisco'),
(596,13,173,'Tovar'),
(597,13,174,'Independencia'),
(598,13,174,'María de la Concepción Palacios Blanco'),
(599,13,174,'Nueva Bolivia'),
(600,13,174,'Santa Apolonia');

INSERT OR IGNORE INTO parroquia (id,estado_id,municipio_id,nombre) VALUES
(601,13,175,'Caño El Tigre'),
(602,13,175,'Zea'),
(603,14,176,'Aragüita'),
(604,14,176,'Arévalo González'),
(605,14,176,'Capaya'),
(606,14,176,'Caucagua'),
(607,14,176,'Panaquire'),
(608,14,176,'Ribas'),
(609,14,176,'El Café'),
(610,14,176,'Marizapa'),
(611,14,177,'Cumbo'),
(612,14,177,'San José de Barlovento'),
(613,14,178,'El Cafetal'),
(614,14,178,'Las Minas'),
(615,14,178,'Nuestra Señora del Rosario'),
(616,14,179,'Higuerote'),
(617,14,179,'Curiepe'),
(618,14,179,'Tacarigua de Brión'),
(619,14,180,'Mamporal'),
(620,14,181,'Carrizal'),
(621,14,182,'Chacao'),
(622,14,183,'Charallave'),
(623,14,183,'Las Brisas'),
(624,14,184,'El Hatillo'),
(625,14,185,'Altagracia de la Montaña'),
(626,14,185,'Cecilio Acosta'),
(627,14,185,'Los Teques'),
(628,14,185,'El Jarillo'),
(629,14,185,'San Pedro.'),
(630,14,185,'Tácata'),
(631,14,185,'Paracotos'),
(632,14,186,'Cartanal'),
(633,14,186,'Santa Teresa del Tuy'),
(634,14,187,'La Democracia'),
(635,14,187,'Ocumare del Tuy'),
(636,14,187,'Santa Bárbara'),
(637,14,188,'San Antonio de los Altos'),
(638,14,189,'Río Chico'),
(639,14,189,'El Guapo'),
(640,14,189,'Tacarigua de la Laguna'),
(641,14,189,'Paparo'),
(642,14,189,'San Fernando del Guapo'),
(643,14,190,'Santa Lucía del Tuy'),
(644,14,191,'Cúpira'),
(645,14,191,'Machurucuto'),
(646,14,192,'Guarenas'),
(647,14,193,'San Antonio de Yare'),
(648,14,193,'San Francisco de Yare'),
(649,14,194,'Leoncio Martínez'),
(650,14,194,'Petare'),
(651,14,194,'Caucagüita'),
(652,14,194,'Filas de Mariche'),
(653,14,194,'La Dolorita'),
(654,14,195,'Cúa'),
(655,14,195,'Nueva Cúa'),
(656,14,196,'Guatire'),
(657,14,196,'Bolívar'),
(658,15,197,'San Antonio de Maturín'),
(659,15,197,'San Francisco de Maturín'),
(660,15,198,'Aguasay'),
(661,15,199,'Caripito'),
(662,15,200,'El Guácharo'),
(663,15,200,'La Guanota'),
(664,15,200,'Sabana de Piedra'),
(665,15,200,'San Agustín'),
(666,15,200,'Teresen'),
(667,15,200,'Caripe'),
(668,15,201,'Areo'),
(669,15,201,'Capital Cedeño'),
(670,15,201,'San Félix de Cantalicio'),
(671,15,201,'Viento Fresco'),
(672,15,202,'El Tejero'),
(673,15,202,'Punta de Mata'),
(674,15,203,'Chaguaramas'),
(675,15,203,'Las Alhuacas'),
(676,15,203,'Tabasca'),
(677,15,203,'Temblador'),
(678,15,204,'Alto de los Godos'),
(679,15,204,'Boquerón'),
(680,15,204,'Las Cocuizas'),
(681,15,204,'La Cruz'),
(682,15,204,'San Simón'),
(683,15,204,'El Corozo'),
(684,15,204,'El Furrial'),
(685,15,204,'Jusepín'),
(686,15,204,'La Pica'),
(687,15,204,'San Vicente'),
(688,15,205,'Aparicio'),
(689,15,205,'Aragua de Maturín'),
(690,15,205,'Chaguamal'),
(691,15,205,'El Pinto'),
(692,15,205,'Guanaguana'),
(693,15,205,'La Toscana'),
(694,15,205,'Taguaya'),
(695,15,206,'Cachipo'),
(696,15,206,'Quiriquire'),
(697,15,207,'Santa Bárbara'),
(698,15,208,'Barrancas'),
(699,15,208,'Los Barrancos de Fajardo'),
(700,15,209,'Uracoa'),
(701,16,210,'Antolín del Campo'),
(702,16,211,'Arismendi'),
(703,16,212,'San Juan Bautista'),
(704,16,212,'Zabala'),
(705,16,213,'García'),
(706,16,213,'Francisco Fajardo'),
(707,16,214,'Bolívar'),
(708,16,214,'Guevara'),
(709,16,214,'Cerro de Matasiete'),
(710,16,214,'Santa Ana'),
(711,16,214,'Sucre'),
(712,16,215,'Aguirre'),
(713,16,215,'Maneiro'),
(714,16,216,'Adrián'),
(715,16,216,'Juan Griego'),
(716,16,216,'Yaguaraparo'),
(717,16,217,'Porlamar'),
(718,16,218,'San Francisco de Macanao'),
(719,16,218,'Boca de Río'),
(720,16,219,'Tubores'),
(721,16,219,'Los Barales'),
(722,16,220,'Vicente Fuentes'),
(723,16,220,'Villalba'),
(724,17,221,'Agua Blanca'),
(725,17,222,'Araure'),
(726,17,222,'Río Acarigua'),
(727,17,223,'Píritu'),
(728,17,223,'Uveral'),
(729,17,224,'Cordova'),
(730,17,224,'Guanare'),
(731,17,224,'San José de la Montaña'),
(732,17,224,'San Juan de Guanaguanare'),
(733,17,224,'Virgen de Coromoto'),
(734,17,225,'Guanarito'),
(735,17,225,'Trinidad de la Capilla'),
(736,17,225,'Divina Pastora'),
(737,17,226,'Peña Blanca'),
(738,17,227,'Aparición'),
(739,17,227,'La Estación'),
(740,17,227,'Ospino'),
(741,17,228,'Acarigua'),
(742,17,228,'Payara'),
(743,17,228,'Pimpinela'),
(744,17,228,'Ramón Peraza'),
(745,17,229,'Caño Delgadito'),
(746,17,229,'Papelón'),
(747,17,230,'Antolín Tovar Anquino'),
(748,17,230,'Boconoíto'),
(749,17,231,'Santa Fé'),
(750,17,231,'San Rafael de Onoto'),
(751,17,231,'Thermo Morales'),
(752,17,232,'Florida'),
(753,17,232,'El Playón'),
(754,17,233,'Biscucuy'),
(755,17,233,'Concepción'),
(756,17,233,'San José de Saguaz'),
(757,17,233,'San Rafael de Palo Alzado'),
(758,17,233,'Uvencio Antonio Velásquez'),
(759,17,233,'Villa Rosa'),
(760,17,234,'Canelones'),
(761,17,234,'Santa Cruz'),
(762,17,234,'San Isidro Labrador'),
(763,18,235,'Mariño'),
(764,18,235,'Rómulo Gallegos'),
(765,18,236,'San José de Aerocuar'),
(766,18,236,'Tavera Acosta'),
(767,18,237,'Río Caribe'),
(768,18,237,'Antonio José de Sucre'),
(769,18,237,'El Morro de Puerto Santo'),
(770,18,237,'Puerto Santo'),
(771,18,237,'San Juan de las Galdonas'),
(772,18,238,'El Pilar'),
(773,18,238,'El Rincón'),
(774,18,238,'General Francisco Antonio Váquez'),
(775,18,238,'Guaraúnos'),
(776,18,238,'Tunapuicito'),
(777,18,238,'Unión'),
(778,18,239,'Santa Catalina'),
(779,18,239,'Santa Rosa'),
(780,18,239,'Santa Teresa'),
(781,18,239,'Bolívar'),
(782,18,239,'Maracapana'),
(783,18,241,'Libertad'),
(784,18,241,'El Paujil'),
(785,18,241,'Yaguaraparo'),
(786,18,242,'Cruz Salmerón Acosta'),
(787,18,242,'Chacopata'),
(788,18,242,'Manicuare'),
(789,18,243,'Tunapuy'),
(790,18,243,'Campo Elías'),
(791,18,244,'Irapa'),
(792,18,244,'Campo Claro'),
(793,18,244,'Maraval'),
(794,18,244,'San Antonio de Irapa'),
(795,18,244,'Soro'),
(796,18,245,'Mejía'),
(797,18,246,'Cumanacoa'),
(798,18,246,'Arenas'),
(799,18,246,'Aricagua'),
(800,18,246,'Cocollar');

INSERT OR IGNORE INTO parroquia (id,estado_id,municipio_id,nombre) VALUES
(801,18,246,'San Fernando'),
(802,18,246,'San Lorenzo'),
(803,18,247,'Villa Frontado (Muelle de Cariaco)'),
(804,18,247,'Catuaro'),
(805,18,247,'Rendón'),
(806,18,247,'San Cruz'),
(807,18,247,'Santa María'),
(808,18,248,'Altagracia Cumaná'),
(809,18,248,'Santa Inés Cumaná'),
(810,18,248,'Valentín Valiente Cumaná'),
(811,18,248,'Ayacucho Cumaná'),
(812,18,248,'San Juan'),
(813,18,248,'Raúl Leoni'),
(814,18,248,'Gran Mariscal'),
(815,18,249,'Cristóbal Colón'),
(816,18,249,'Bideau'),
(817,18,249,'Punta de Piedras'),
(818,18,249,'Güiria'),
(819,19,250,'Andrés Bello'),
(820,19,251,'Antonio Rómulo Costa'),
(821,19,252,'Ayacucho'),
(822,19,252,'Rivas Berti'),
(823,19,252,'San Pedro del Río'),
(824,19,253,'Bolívar'),
(825,19,253,'Palotal'),
(826,19,253,'General Juan Vicente Gómez'),
(827,19,253,'Isaías Medina Angarita'),
(828,19,254,'Cárdenas'),
(829,19,254,'Amenodoro Rangel Lamus'),
(830,19,254,'La Florida'),
(831,19,255,'Córdoba'),
(832,19,256,'Fernández Feo'),
(833,19,256,'Alberto Adriani'),
(834,19,256,'Santo Domingo'),
(835,19,257,'Francisco de Miranda'),
(836,19,258,'García de Hevia'),
(837,19,258,'Boca de Grita'),
(838,19,258,'José Antonio Páez'),
(839,19,259,'Guásimos'),
(840,19,260,'Independencia'),
(841,19,260,'Juan Germán Roscio'),
(842,19,260,'Román Cárdenas'),
(843,19,261,'Jáuregui'),
(844,19,261,'Emilio Constantino Guerrero'),
(845,19,261,'Monseñor Miguel Antonio Salas'),
(846,19,262,'José María Vargas'),
(847,19,263,'Junín'),
(848,19,263,'La Petrólea'),
(849,19,263,'Quinimarí'),
(850,19,263,'Bramón'),
(851,19,264,'Libertad'),
(852,19,264,'Cipriano Castro'),
(853,19,264,'Manuel Felipe Rugeles'),
(854,19,265,'Capital Libertador'),
(855,19,265,'Doradas'),
(856,19,265,'Emeterio Ochoa'),
(857,19,265,'San Joaquín de Navay'),
(858,19,266,'Lobatera'),
(859,19,266,'Constitución'),
(860,19,267,'Michelena'),
(861,19,268,'Panamericano'),
(862,19,268,'La Palmita'),
(863,19,269,'Pedro María Ureña'),
(864,19,269,'Nueva Arcadia'),
(865,19,270,'Delicias'),
(866,19,270,'Pecaya'),
(867,19,271,'Samuel Darío Maldonado'),
(868,19,271,'Boconó'),
(869,19,271,'Hernández'),
(870,19,272,'La Concordia'),
(871,19,272,'San Juan Bautista'),
(872,19,272,'Pedro María Morantes'),
(873,19,272,'San Sebastián'),
(874,19,272,'Dr. Francisco Romero Lobo'),
(875,19,273,'Seboruco'),
(876,19,274,'Simón Rodríguez'),
(877,19,275,'Sucre'),
(878,19,275,'Eleazar López Contreras'),
(879,19,275,'San Pablo'),
(880,19,276,'San José Obrero'),
(881,19,276,'San Juan Eudes'),
(882,19,277,'Uribante'),
(883,19,277,'Cárdenas'),
(884,19,277,'Juan Pablo Peñalosa'),
(885,19,277,'Potosí'),
(886,19,278,'San Judas Tadeo'),
(887,20,279,'Araguaney'),
(888,20,279,'El Jaguito'),
(889,20,279,'La Esperanza'),
(890,20,279,'Santa Isabel'),
(891,20,280,'Boconó'),
(892,20,280,'El Carmen'),
(893,20,280,'Mosquey'),
(894,20,280,'Ayacucho'),
(895,20,280,'Burbusay'),
(896,20,280,'General Ribas'),
(897,20,280,'Guaramacal'),
(898,20,280,'Vega de Guaramacal'),
(899,20,280,'Monseñor Jáuregui'),
(900,20,280,'Rafael Rangel'),
(901,20,280,'San Miguel'),
(902,20,280,'San José'),
(903,20,281,'Sabana Grande'),
(904,20,281,'Cheregüé'),
(905,20,281,'Granados'),
(906,20,282,'Arnoldo Gabaldón'),
(907,20,282,'Bolivia'),
(908,20,282,'Carrillo'),
(909,20,282,'Cegarra'),
(910,20,282,'Chejendé'),
(911,20,282,'Manuel Salvador Ulloa'),
(912,20,282,'San José'),
(913,20,283,'Carache'),
(914,20,283,'La Concepción'),
(915,20,283,'Cuicas'),
(916,20,283,'Panamericana'),
(917,20,283,'Santa Cruz'),
(918,20,284,'Escuque'),
(919,20,284,'La Unión (El Alto Escuque)'),
(920,20,284,'Santa Rita'),
(921,20,284,'Sabana Libre'),
(922,20,285,'El Socorro'),
(923,20,285,'Los Caprichos'),
(924,20,285,'Antonio José de Sucre'),
(925,20,286,'Campo Elías'),
(926,20,286,'Arnoldo Gabaldón'),
(927,20,287,'Santa Apolonia'),
(928,20,287,'El Progreso'),
(929,20,287,'La Ceiba'),
(930,20,287,'Tres de Febrero'),
(931,20,288,'El Dividive'),
(932,20,288,'Agua Santa'),
(933,20,288,'Agua Caliente'),
(934,20,288,'El Cenizo'),
(935,20,288,'Valerita'),
(936,20,289,'Monte Carmelo'),
(937,20,289,'Buena Vista'),
(938,20,289,'Santa María del Horcón'),
(939,20,290,'Motatán'),
(940,20,290,'El Baño'),
(941,20,290,'Jalisco'),
(942,20,291,'Pampán'),
(943,20,291,'Flor de Patria'),
(944,20,291,'La Paz'),
(945,20,291,'Santa Ana'),
(946,20,292,'Pampanito'),
(947,20,292,'La Concepción'),
(948,20,292,'Pampanito II'),
(949,20,293,'Betijoque'),
(950,20,293,'José Gregorio Hernández'),
(951,20,293,'La Pueblita'),
(952,20,293,'Los Cedros'),
(953,20,294,'Carvajal'),
(954,20,294,'Campo Alegre'),
(955,20,294,'Antonio Nicolás Briceño'),
(956,20,294,'José Leonardo Suárez'),
(957,20,295,'Sabana de Mendoza'),
(958,20,295,'Junín'),
(959,20,295,'Valmore Rodríguez'),
(960,20,295,'El Paraíso'),
(961,20,296,'Andrés Linares'),
(962,20,296,'Chiquinquirá'),
(963,20,296,'Cristóbal Mendoza'),
(964,20,296,'Cruz Carrillo'),
(965,20,296,'Matriz'),
(966,20,296,'Monseñor Carrillo'),
(967,20,296,'Tres Esquinas'),
(968,20,297,'Cabimbú'),
(969,20,297,'Jajó'),
(970,20,297,'La Mesa de Esnujaque'),
(971,20,297,'Santiago'),
(972,20,297,'Tuñame'),
(973,20,297,'La Quebrada'),
(974,20,298,'Juan Ignacio Montilla'),
(975,20,298,'La Beatriz'),
(976,20,298,'La Puerta'),
(977,20,298,'Mendoza del Valle de Momboy'),
(978,20,298,'Mercedes Díaz'),
(979,20,298,'San Luis'),
(980,21,299,'Caraballeda'),
(981,21,299,'Carayaca'),
(982,21,299,'Carlos Soublette'),
(983,21,299,'Caruao Chuspa'),
(984,21,299,'Catia La Mar'),
(985,21,299,'El Junko'),
(986,21,299,'La Guaira'),
(987,21,299,'Macuto'),
(988,21,299,'Maiquetía'),
(989,21,299,'Naiguatá'),
(990,21,299,'Urimare'),
(991,22,300,'Arístides Bastidas'),
(992,22,301,'Bolívar'),
(993,22,302,'Chivacoa'),
(994,22,302,'Campo Elías'),
(995,22,303,'Cocorote'),
(996,22,304,'Independencia'),
(997,22,305,'José Antonio Páez'),
(998,22,306,'La Trinidad'),
(999,22,307,'Manuel Monge'),
(1000,22,308,'Salóm');

INSERT OR IGNORE INTO parroquia (id,estado_id,municipio_id,nombre) VALUES
(1001,22,308,'Temerla'),
(1002,22,308,'Nirgua'),
(1003,22,309,'San Andrés'),
(1004,22,309,'Yaritagua'),
(1005,22,310,'San Javier'),
(1006,22,310,'Albarico'),
(1007,22,310,'San Felipe'),
(1008,22,311,'Sucre'),
(1009,22,312,'Urachiche'),
(1010,22,313,'El Guayabo'),
(1011,22,313,'Farriar'),
(1012,23,314,'Isla de Toas'),
(1013,23,314,'Monagas'),
(1014,23,315,'General Urdaneta'),
(1015,23,315,'Libertador'),
(1016,23,315,'Marcelino Briceño'),
(1017,23,315,'Pueblo Nuevo'),
(1018,23,315,'Manuel Guanipa Matos'),
(1019,23,316,'Ambrosio'),
(1020,23,316,'Carmen Herrera'),
(1021,23,316,'La Rosa'),
(1022,23,316,'Germán Ríos Linares'),
(1023,23,316,'San Benito'),
(1024,23,316,'Rómulo Betancourt'),
(1025,23,316,'Jorge Hernández'),
(1026,23,316,'Punta Gorda'),
(1027,23,316,'Arístides Calvani'),
(1028,23,317,'Encontrados'),
(1029,23,317,'Udón Pérez'),
(1030,23,318,'Moralito'),
(1031,23,318,'San Carlos del Zulia'),
(1032,23,318,'Santa Cruz del Zulia'),
(1033,23,318,'Santa Bárbara'),
(1034,23,318,'Urribarrí'),
(1035,23,319,'Carlos Quevedo'),
(1036,23,319,'Francisco Javier Pulgar'),
(1037,23,319,'Simón Rodríguez'),
(1038,23,319,'Guamo-Gavilanes'),
(1039,23,320,'Sinamaica'),
(1040,23,320,'Alta Guajira'),
(1041,23,320,'Elías Sánchez Rubio'),
(1042,23,320,'Guajira'),
(1043,23,321,'La Concepción'),
(1044,23,321,'San José'),
(1045,23,321,'Mariano Parra León'),
(1046,23,321,'José Ramón Yépez'),
(1047,23,322,'Jesús María Semprún'),
(1048,23,322,'Barí'),
(1049,23,323,'Concepción'),
(1050,23,323,'Andrés Bello'),
(1051,23,323,'Chiquinquirá'),
(1052,23,323,'El Carmelo'),
(1053,23,323,'Potreritos'),
(1054,23,324,'Libertad'),
(1055,23,324,'Alonso de Ojeda'),
(1056,23,324,'Venezuela'),
(1057,23,324,'Eleazar López Contreras'),
(1058,23,324,'Campo Lara'),
(1059,23,325,'Bartolomé de las Casas'),
(1060,23,325,'Libertad'),
(1061,23,325,'Río Negro'),
(1062,23,325,'San José de Perijá'),
(1063,23,326,'San Rafael'),
(1064,23,326,'La Sierrita'),
(1065,23,326,'Las Parcelas'),
(1066,23,326,'Luis de Vicente'),
(1067,23,326,'Monseñor Marcos Sergio Godoy'),
(1068,23,326,'Ricaurte'),
(1069,23,326,'Tamare'),
(1070,23,327,'Antonio Borjas Romero'),
(1071,23,327,'Bolívar'),
(1072,23,327,'Cacique Mara'),
(1073,23,327,'Carracciolo Parra Pérez'),
(1074,23,327,'Cecilio Acosta'),
(1075,23,327,'Cristo de Aranza'),
(1076,23,327,'Coquivacoa'),
(1077,23,327,'Chiquinquirá'),
(1078,23,327,'Francisco Eugenio Bustamante'),
(1079,23,327,'Idelfonzo Vásquez'),
(1080,23,327,'Juana de Ávila'),
(1081,23,327,'Luis Hurtado Higuera'),
(1082,23,327,'Manuel Dagnino'),
(1083,23,327,'Olegario Villalobos.'),
(1084,23,327,'Raúl Leoni'),
(1085,23,327,'Santa Lucía'),
(1086,23,327,'Venancio Pulgar'),
(1087,23,327,'San Isidro'),
(1088,23,328,'Altagracia'),
(1089,23,328,'Faría'),
(1090,23,328,'Ana María Campos'),
(1091,23,328,'San Antonio'),
(1092,23,328,'San José'),
(1093,23,329,'Donaldo García'),
(1094,23,329,'El Rosario'),
(1095,23,329,'Sixto Zambrano'),
(1096,23,330,'San Francisco'),
(1097,23,330,'El Bajo'),
(1098,23,330,'Domitila Flores'),
(1099,23,330,'Francisco Ochoa'),
(1100,23,330,'Los Cortijos'),
(1101,23,330,'Marcial Hernández'),
(1102,23,331,'Santa Rita'),
(1103,23,331,'El Mene'),
(1104,23,331,'Pedro Lucas Urribarrí'),
(1105,23,331,'José Cenobio Urribarrí'),
(1106,23,332,'Rafael Maria Baralt'),
(1107,23,332,'Manuel Manrique'),
(1108,23,332,'Rafael Urdaneta'),
(1109,23,333,'Bobures'),
(1110,23,333,'Gibraltar'),
(1111,23,333,'Heras'),
(1112,23,333,'Monseñor Arturo Álvarez'),
(1113,23,333,'Rómulo Gallegos'),
(1114,23,333,'El Batey'),
(1115,23,334,'Rafael Urdaneta'),
(1116,23,334,'La Victoria'),
(1117,23,334,'Raúl Cuenca'),
(1118,24,335,'23 de enero'),
(1119,24,335,'Altagracia'),
(1120,24,335,'Antímano'),
(1121,24,335,'Caricuao'),
(1122,24,335,'Catedral'),
(1123,24,335,'Coche'),
(1124,24,335,'El Junquito'),
(1125,24,335,'El Paraíso'),
(1126,24,335,'El Recreo'),
(1127,24,335,'El Valle'),
(1128,24,335,'Candelaria'),
(1129,24,335,'La Pastora'),
(1130,24,335,'La Vega'),
(1131,24,335,'Macarao'),
(1132,24,335,'San Agustín'),
(1133,24,335,'San Bernardino'),
(1134,24,335,'San José'),
(1135,24,335,'San Juan'),
(1136,24,335,'San Pedro'),
(1137,24,335,'Santa Rosalía'),
(1138,24,335,'Santa Teresa'),
(1139,24,335,'Sucre (Catia)');

